Juan;23
Luis;99
Ignacio;108
Lucia;109
Juan;23
Luis;99
Ignacio;108
Luc�a;109
Juan;23
Lu�s;99
Ignacio;108
Luc�a;109
Juan;23
Lu�s;99
Ignacio;108
Luc�a;109
Juan;23
Lu�s;99
Ignacio;108
Luc�a;109
Juan;23
Lu�s;99
Ignacio;108
Luc�a;109
Juan;23
Lu�s;99
Ignacio;108
Luc�a;109
Juan;23
Lu�s;99
Ignacio;108
Luc�a;109
Juan;23
Lu�s;99
Ignacio;108
Luc�a;109
Juan;23
Lu�s;99
Ignacio;108
Luc�a;109
Juan;23
Lu�s;99
Ignacio;108
Luc�a;109
Juan;23
Lu�s;99
Ignacio;108
Luc�a;109
Juan;23
Lu�s;99
Ignacio;108
Luc�a;109
Juan;23
Lu�s;99
Ignacio;108
Luc�a;109
Juan;23
Lu�s;99
Ignacio;108
Luc�a;109
Juan;23
Lu�s;99
Ignacio;108
Luc�a;109
Juan;23
Lu�s;99
Ignacio;108
Luc�a;109
Juan;23
Lu�s;99
Ignacio;108
Luc�a;109
Juan;23
Luís;77
Ignacio;108
Luc�a;109
Juan;23
Lu�s;99
Ignacio;108
Luc�a;109
Juan;23
Lu�s;99
Ignacio;108
Luc�a;109
Juan;23
Lu�s;99
Ignacio;108
Luc�a;109
Juan;23
Lu�s;99
Ignacio;108
Luc�a;109
Juan;23
Lu�s;99
Ignacio;108
Luc�a;109
Juan;23
Lu�s;99
Ignacio;108
Luc�a;109
